subgroup,category,subcat,event_prefix,trades,win_rate,ev_per_ctr,mean_pnl,total_pnl,sharpe,median_days,p90_days,low_sample
Cabinet / Nominations,Cabinet,Musk,CABINETMUSK,3174,1.0,0.05769,28.61454,90822.55282,0.41947,34.3,70.3,False
Cabinet / Nominations,Cabinet,Other,CABINETRONPAUL,481,1.0,0.04832,8.26639,3976.13366,0.60859,72.4,84.3,True
Cabinet / Nominations,Cabinet,Other,CABINETDIMON,372,1.0,0.0437,7.8668,2926.44994,0.47373,77.9,84.9,True
Cabinet / Nominations,Cabinet,FBI,KXFBI,684,0.99708,0.04221,6.44581,4408.93597,0.26793,81.8,90.2,False
Cabinet / Nominations,Cabinet,DNI,KXDNI,226,1.0,0.03951,3.50038,791.08667,0.54746,9.1,23.1,True
Cabinet / Nominations,Cabinet,Count,KXCABCOUNT,4033,0.97198,0.01232,3.8783,15641.18245,0.07865,18.5,80.7,False
Cabinet / Nominations,Cabinet,Tulsi,CABINETTULSI,2,0.0,-0.97542,-1296.65227,-2593.30453,-0.83011,88.0,88.0,True
Electoral,Electoral College,Other,KXCZECHTURNOUT,4,1.0,0.0664,1.16344,4.65377,0.53786,13.6,13.6,True
Electoral,Electoral College,Other,KXSNAPELECTIONFR,57,1.0,0.06558,4.95001,282.1504,0.55359,4.5,16.0,True
Electoral,Other Elections,Other Mayor,KXMAYORCIN,7,1.0,0.06183,10.27647,71.93527,0.90706,22.6,27.5,True
Electoral,Electoral College,Other,KXEMMYVSPECIAL,52,1.0,0.06129,3.28672,170.9092,0.85114,0.2,40.3,True
Electoral,Electoral College,Other,TOPSONGRECORDIHSH,7,1.0,0.06042,4.13815,28.96704,1.53475,1.1,8.0,True
Electoral,Governor,Other,KXLTGOVVA,401,1.0,0.05976,7.20182,2887.93128,0.5859,2.7,4.1,True
Electoral,Other Elections,RFK,KXALLVOTERFKJR,156,1.0,0.05972,8.93494,1393.85118,0.44284,5.9,14.5,True
Electoral,Other Elections,Other,KXVOTEANTONI,217,1.0,0.05965,5.46435,1185.76356,0.55561,41.8,45.8,True
Electoral,House,Other,KXTXHOUSEDEM,439,1.0,0.05906,7.3647,3233.10385,0.45394,13.6,18.4,True
Electoral,Presidential,General,UNIPRESIDENT,106,1.0,0.05763,6.87371,728.61327,0.56016,202.6,385.5,True
Electoral,Electoral College,Other,KXIMALITTLECRAZY,4,1.0,0.05657,2.63866,10.55464,0.73828,10.2,11.9,True
Electoral,Other Elections,Other,KXFOMCVOTE,21,1.0,0.05574,3.8029,79.86092,0.77829,3.8,4.1,True
Electoral,Electoral College,Other,TOPSONGRECORDPPP,60,1.0,0.05492,7.11365,426.81923,0.55,6.0,8.1,True
Electoral,Electoral College,Other,KXRECBILL,25,1.0,0.0539,7.22535,180.63381,0.93021,8.0,47.3,True
Electoral,Electoral College,Other,GMECEOCHANGE,15,1.0,0.05377,2.4736,37.10406,0.85605,75.2,93.6,True
Electoral,Electoral College,Other,KXPROFILECHANGESWIFT,19,1.0,0.05332,3.46839,65.89949,0.76435,9.0,12.0,True
Electoral,Other Elections,Other,KXUSDHVOTE,15,1.0,0.05246,1.29773,19.466,1.12598,16.0,16.7,True
Electoral,Electoral College,Other,KXRATECUTCOUNT,3464,1.0,0.05234,19.90641,68955.81902,0.28956,29.6,46.9,False
Electoral,Presidential,General,KXUNIPRESIDENTS,10,1.0,0.05213,6.02564,60.25643,1.69955,23.3,42.9,True
Electoral,Governor,Other,GOVPARTYWA,113,1.0,0.05188,7.84567,886.5605,0.60005,72.4,75.8,True
Electoral,Electoral College,Other,KXCBDECISIONCANADA,12,1.0,0.05164,3.02735,36.32823,0.70595,1.4,5.5,True
Electoral,Governor,Virginia,GOVPARTYVA,3740,1.0,0.05145,33.82335,126499.32884,0.31324,9.0,43.2,False
Electoral,Presidential,General,KXIRELANDPRES,352,1.0,0.051,6.89957,2428.64969,0.5076,49.0,69.3,True
Electoral,Other Elections,Other,KXVOTEDPATEL,1079,1.0,0.05086,9.29845,10033.02326,0.42188,7.5,9.1,False
Electoral,Presidential,General,PRESPARTYME2,81,1.0,0.05064,15.42653,1249.5486,0.57315,72.9,80.3,True
Electoral,Presidential,General,KXPRESTALK,488,1.0,0.05033,2.50903,1224.40643,0.48242,5.0,11.8,True
Electoral,Electoral College,Other,KXRECCOST,18,1.0,0.05027,5.74229,103.36115,0.83484,4.1,5.8,True
Electoral,Other Elections,Hegseth,KXVOTEHEGSETH,1911,0.99843,0.05025,18.92218,36160.28364,0.40904,1.0,1.4,False
Electoral,Other Elections,Other,KXVOTEMIRAN,14,1.0,0.04988,16.17974,226.51634,0.6591,0.1,0.1,True
Electoral,Canada,PM,KXNEXTCANADAPM,3608,1.0,0.04987,16.4234,59255.61479,0.44609,48.8,58.9,False
Electoral,Electoral College,Other,KXSTABLECOIN,49,1.0,0.04978,5.80013,284.20614,0.5294,18.8,33.0,True
Electoral,Presidential,General,PRESPARTYNJ,3920,1.0,0.04976,25.4124,99616.60055,0.47568,62.2,70.1,False
Electoral,Electoral College,Other,RECSSNBER,704,1.0,0.0497,18.48072,13010.42961,0.38667,135.0,283.9,False
Electoral,Electoral College,Other,SECHOMELAND,65,1.0,0.04963,3.49246,227.0097,0.46277,88.7,213.5,True
Electoral,Presidential,General,PRESPARTYAK,587,1.0,0.04948,16.86486,9899.67436,0.18268,62.0,70.9,False
Electoral,Governor,Other,GOVPARTYIN,114,1.0,0.04944,7.76267,884.9447,0.71275,69.6,73.5,True
Electoral,Electoral College,Other,SECDEF,84,1.0,0.04941,4.14694,348.34308,0.70476,213.4,262.2,True
Electoral,Presidential,General,PRESPARTYFL,2360,1.0,0.0492,39.73296,93769.79702,0.37025,62.0,68.7,False
Electoral,Presidential,General,PRESPARTYOH,804,1.0,0.04919,16.84861,13546.28331,0.48941,62.0,73.4,False
Electoral,Electoral College,Other,KXRECCOUNT,63,1.0,0.04918,13.85834,873.0755,0.42709,51.9,181.0,True
Electoral,Other Elections,Other Mayor,KXMAYORCLEV,4,1.0,0.04917,2.98422,11.93687,0.9013,87.0,101.0,True
Electoral,House,Control House,CONTROLH,1131,1.0,0.04905,33.24632,37601.5847,0.36861,85.0,86.9,False
Electoral,Presidential,General,PRESPARTYTX,1843,1.0,0.04901,32.96205,60749.06728,0.3476,62.0,69.8,False
Electoral,Governor,Other,GOVPARTYNC,368,1.0,0.04872,15.36616,5654.74862,0.54397,69.1,72.9,True
Electoral,Other Elections,Other,KXCONGRESSTARIFFVOTE,176,1.0,0.04868,1.68809,297.10396,0.46666,21.8,23.7,True
Electoral,Electoral College,Other,RATECUT,2586,1.0,0.04801,58.57041,151463.06911,0.37199,30.4,61.6,False
Electoral,Electoral College,Other,RECNCH,392,1.0,0.04797,6.1486,2410.25187,0.2759,6.8,93.1,True
Electoral,Senate,Other,SENATEMO,125,1.0,0.04792,14.16513,1770.64069,0.51879,59.9,63.8,True
Electoral,Presidential,General,PRESPARTYKS,860,1.0,0.04773,13.79619,11864.71986,0.48997,62.7,67.6,False
Electoral,Presidential,General,PRESPARTYCO,1010,1.0,0.04766,15.18084,15332.65206,0.53621,62.6,73.7,False
Electoral,Electoral College,Other,KXRECESSCAB,297,1.0,0.04748,8.80244,2614.32383,0.33128,122.4,146.5,True
Electoral,House,Other,KXVAHOUSE,89,1.0,0.04741,5.42653,482.96127,0.36204,3.7,35.7,True
Electoral,Presidential,General,KXPRESCROATIA,122,1.0,0.04741,4.71014,574.63653,0.92293,15.3,42.1,True
Electoral,Electoral College,Other,GOOGLECEOCHANGE,163,1.0,0.04725,9.59155,1563.42302,0.62494,113.2,305.3,True
Electoral,Other Elections,RFK,KXVOTERFK,4488,0.99978,0.04715,16.13488,72413.34344,0.3603,13.5,16.1,False
Electoral,Electoral College,Other,KXECKH276,71,1.0,0.0471,9.75719,692.76022,0.7656,43.2,46.7,True
Electoral,Electoral College,Other,SECTREASURY,194,1.0,0.04705,2.20396,427.56832,0.79523,132.2,282.3,True
Electoral,Other Elections,Other,KXVOTEDRFK,725,1.0,0.04692,7.47208,5417.26148,0.4603,2.5,3.6,False
Electoral,Electoral College,Other,KXNORWAYSECOND,4,1.0,0.04671,3.59173,14.36691,0.79954,15.5,15.5,True
Electoral,Governor,Other,KXGOVCARESIGN,167,1.0,0.04665,3.73618,623.94225,0.49995,42.5,47.5,True
Electoral,Senate,Other,SENATEMD,487,1.0,0.04649,22.16614,10794.90966,0.27048,59.3,64.7,True
Electoral,Other Elections,VA Attorney General,KXATTYGENVA,844,1.0,0.04648,26.20294,22115.28553,0.35026,2.1,2.1,False
Electoral,Other Elections,Other,KXALLVOTETG,182,1.0,0.04647,9.80088,1783.76058,0.55447,9.9,18.1,True
Electoral,Other Elections,Other,KXVOTEDTULSI,595,1.0,0.04532,13.39813,7971.88682,0.46599,1.1,2.0,False
Electoral,Electoral College,Other,TECHREG,90,1.0,0.04513,3.23441,291.09661,0.78121,46.3,90.3,True
Electoral,Electoral College,Other,KXSECHHS,2474,1.0,0.04498,9.32955,23081.29874,0.31989,90.8,94.7,False
Electoral,Electoral College,Other,KXTOPSONGRECORDORDINARY,126,1.0,0.04496,4.33193,545.82357,0.19545,7.5,9.8,True
Electoral,Senate,Arizona,SENATEAZ,5744,1.0,0.04484,68.29639,392294.44991,0.28048,54.8,58.2,False
Electoral,Electoral College,Other,KXBOJDECISION,9,1.0,0.0448,48.98894,440.90044,0.74857,6.9,15.0,True
Electoral,Other Elections,Other,KXSKVOTE,36,1.0,0.0448,1.93281,69.58107,0.56569,1.0,3.0,True
Electoral,Electoral College,Other,KXOBJECTION,56,1.0,0.04461,13.64619,764.18692,0.23076,6.0,28.2,True
Electoral,Senate,Pennsylvania,SENATEPA,1787,1.0,0.04445,28.72434,51330.39077,0.43553,55.6,57.8,False
Electoral,Electoral College,Other,KXPROFILECHANGEMUSK,31,1.0,0.04442,2.69968,83.69016,0.54825,2.7,5.0,True
Electoral,Electoral College,Other,KXELECTIONDAYCALL,655,1.0,0.0444,7.93116,5194.9107,0.44366,0.4,0.5,False
Electoral,Other Elections,Other Mayor,KXLAMAYORRESIGN,440,1.0,0.04424,6.0342,2655.0485,0.45411,24.8,35.5,True
Electoral,Governor,Other,KXGOVNJNOMD,2308,1.0,0.04377,8.24247,19023.61732,0.44778,2.4,41.9,False
Electoral,Electoral College,Other,RECLAW,80,1.0,0.04376,10.57273,845.8187,0.87698,14.0,45.8,True
Electoral,Electoral College,Other,KXRBADECISION,9,1.0,0.04371,10.41824,93.76418,1.0232,7.5,9.1,True
Electoral,Presidential,General,HARVPRES,43,1.0,0.04345,1.73886,74.7708,0.75271,150.5,206.8,True
Electoral,Popular Vote,Margin,POPVOTEMOVFL,1239,1.0,0.04322,13.40042,16603.11587,0.5474,62.2,67.1,False
Electoral,Electoral College,Other,KXECTIE,1604,1.0,0.04317,8.93871,14337.68354,0.40798,59.7,66.7,False
Electoral,Electoral College,Other,KXTOPSONGRECORDLUTHER,16,1.0,0.04303,3.37182,53.9492,1.04625,8.0,10.1,True
Electoral,Electoral College,Other,KXPCTVOTECUOR1,11,1.0,0.04292,4.53614,49.89759,0.66265,29.6,29.7,True
Electoral,Electoral College,Other,KXSPECIALPROSECUTOREPSTEIN,95,1.0,0.04286,4.30716,409.18052,0.51135,25.3,29.0,True
Electoral,Electoral College,Other,KXECKH287,70,1.0,0.04272,6.52446,456.712,0.55452,42.7,46.0,True
Electoral,House,Other,KXSUMMERHOUSEATTEND,3,1.0,0.04261,0.94385,2.83156,2.8564,17.8,18.6,True
Electoral,Electoral College,Other,TOPSONGRECORD,97,1.0,0.04228,5.79208,561.83192,0.80274,4.8,6.8,True
Electoral,Other Elections,Other Mayor,KXMAYORPITT,4,1.0,0.04179,3.44182,13.76728,0.83092,2.9,26.8,True
Electoral,Presidential,General,PRESPARTYNY,6243,1.0,0.04164,32.06013,200151.38944,0.28609,62.9,71.7,False
Electoral,Electoral College,Other,KXRTMINECRAFT,1946,0.99949,0.04163,5.8471,11378.46122,0.38989,4.6,7.3,False
Electoral,Electoral College,Swing States DJT,KXSWINGSTATES24DJT,6037,0.99586,0.04132,19.60738,118369.72442,0.29363,61.6,68.9,False
Electoral,Electoral College,Other,KXCANELECTRICITY,181,1.0,0.04124,2.19686,397.63105,0.49646,24.5,31.9,True
Electoral,Electoral College,Other,HOUSECA13,1209,0.99917,0.04122,56.75261,68613.90023,0.34303,35.3,37.7,False
Electoral,Senate,Other,SENATEIN,63,1.0,0.04074,3.76766,237.36278,0.6376,59.0,61.7,True
Electoral,Popular Vote,Winner,POPVOTEKHCA,285,1.0,0.04048,10.00384,2851.09469,0.15739,53.0,61.1,True
Electoral,Popular Vote,Winner,POPVOTEKHVA,586,1.0,0.04046,5.31539,3114.81621,0.39066,56.6,61.6,False
Electoral,Electoral College,Other,KXECSUNBELTSWEEP,50,1.0,0.04033,3.53314,176.65718,0.59949,43.0,46.8,True
Electoral,Other Elections,Other Mayor,KXPROGMAYORSWEEP,281,1.0,0.04018,12.39866,3484.02408,0.39303,2.3,2.8,True
Electoral,Governor,Other,KXGOVTFUNDHVOTES,72,1.0,0.04002,4.16395,299.80413,0.78559,0.1,0.1,True
Electoral,Electoral College,Other,KXMUSKRECONCILIATION,61,1.0,0.03998,1.44935,88.41064,0.59322,29.2,56.3,True
Electoral,Presidential,General,KXPRESIRELAND,883,1.0,0.0396,6.43707,5683.93084,0.36289,49.1,136.1,False
Electoral,Senate,Margin,SENATEMOV,9567,1.0,0.03938,20.77001,198706.7141,0.45178,89.0,108.6,False
Electoral,Electoral College,Other,KXSECHOMELAND,331,1.0,0.03934,6.58859,2180.82342,0.54347,76.1,78.7,True
Electoral,Electoral College,Other,KXTRUMPNEC,4,1.0,0.03933,5.21186,20.84744,0.58907,5.8,5.8,True
Electoral,Other Elections,Other Mayor,KXMAYORCHAR,4,1.0,0.03933,1.90794,7.63177,0.70751,99.9,197.4,True
Electoral,Electoral College,Other,KXVOTECHAVEZDEREMER,1176,0.9932,0.03918,3.06058,3599.245,0.11208,10.3,11.5,False
Electoral,Presidential,General,PRESPARTYOR,825,1.0,0.03914,13.1315,10833.49128,0.46343,62.5,72.1,False
Electoral,Presidential,General,PRESPARTYNM,464,1.0,0.03911,15.35996,7127.02192,0.3199,61.6,65.1,True
Electoral,Electoral College,Other,KXFEDDECISION,140648,1.0,0.03905,35.22468,4954280.9016,0.19445,7.8,28.2,False
Electoral,Other Elections,Patel,KXVOTEPATEL,1448,1.0,0.03882,18.9891,27496.22042,0.50244,5.7,11.6,False
Electoral,Popular Vote,Winner,POPVOTEKHVT,161,1.0,0.03879,2.52699,406.84505,0.46489,57.6,60.9,True
Electoral,Electoral College,Margin,ECMOV,56565,1.0,0.03877,38.73907,2191275.61515,0.27668,62.4,76.1,False
Electoral,Presidential,General,KXPRESLEAVESK,496,1.0,0.03872,6.73908,3342.58599,0.45137,5.3,12.0,True
Electoral,Electoral College,Other,KXELECTIONMICALL,27,1.0,0.03862,2.01005,54.27123,0.72754,0.9,1.1,True
Electoral,Electoral College,Other,KXVOTERECNCH,34,1.0,0.03847,2.27702,77.4186,0.46064,0.9,6.6,True
Electoral,Electoral College,Other,KXENDORSECUOMOADAMS,110,1.0,0.03845,6.96912,766.60364,0.45291,50.5,82.8,True
Electoral,Presidential,General,PRESPARTYMN,1102,1.0,0.0382,19.68192,21689.47037,0.36983,61.6,64.7,False
Electoral,Other Elections,Seattle Mayor,KXMAYORSEATTLE,540,1.0,0.03819,16.08409,8685.40668,0.42021,5.3,11.3,False
Electoral,Electoral College,Other,KXVOTERECNCS,352,1.0,0.03816,3.88653,1368.05917,0.56655,2.0,5.0,True
Electoral,Presidential,General,KXPRESGHANA,8,1.0,0.03811,1.87563,15.00504,0.99465,3.1,3.1,True
Electoral,Canada,Coalition,KXCANCOALITION,4870,1.0,0.03808,13.97798,68072.75517,0.34165,28.5,38.7,False
Electoral,Presidential,General,PRESPARTYRI,319,1.0,0.03801,10.46025,3336.82043,0.54623,62.6,70.4,True
Electoral,Electoral College,Other,KXTOPSONGRECORDGOLDEN,59,1.0,0.038,1.53426,90.52126,0.64744,2.6,5.8,True
Electoral,Electoral College,Other,KXRECNCSVOTE,100,1.0,0.03786,3.40908,340.90766,0.33453,2.1,131.5,True
Electoral,Electoral College,Other,HOUSECA41,69,1.0,0.03777,11.94869,824.45962,0.42473,51.8,54.1,True
Electoral,Electoral College,Other,SECLABOR,63,1.0,0.03762,6.55941,413.24289,0.77342,14.2,40.2,True
Electoral,Presidential,General,PRESPARTYNE1,105,1.0,0.03755,23.88118,2507.5243,0.39043,62.9,73.2,True
Electoral,Senate,Other,SENATETN,44,1.0,0.03754,6.49149,285.62563,0.67656,60.5,64.9,True
Electoral,Senate,Florida,SENATEFL,328,1.0,0.03746,40.319,13224.63363,0.28988,58.8,64.1,True
Electoral,Electoral College,Other,KXECKH273,52,1.0,0.03745,4.58448,238.39294,0.5336,42.5,46.6,True
Electoral,Electoral College,Other,HOUSECA22,51,1.0,0.03741,1.52952,78.00575,0.62804,55.7,58.1,True
Electoral,House,Other,HOUSEOR5,67,1.0,0.03713,13.51644,905.60118,0.41984,54.2,58.0,True
Electoral,Other Elections,Other Mayor,KXMAYORDETROIT,60,1.0,0.03704,4.92214,295.32849,0.49583,90.6,140.7,True
Electoral,Electoral College,Closest State,CLOSESTSTATE,29689,0.99879,0.03656,15.30026,454249.3067,0.35031,61.7,67.2,False
Electoral,Presidential,General,PRESPARTYCT,368,1.0,0.03647,13.20073,4857.86811,0.53136,62.5,69.3,True
Electoral,Electoral College,Other,KXECKH270,81,1.0,0.03631,5.2129,422.24494,0.5006,42.3,43.0,True
Electoral,Presidential,General,KXSKPRES,962,0.99792,0.03621,25.2771,24316.57404,0.41991,7.0,30.7,False
Electoral,House,Other,KXHOUSEEPSTEIN2,535,1.0,0.03619,10.95571,5861.30669,0.42848,0.1,0.9,False
Electoral,Presidential,General,PRESPARTYIL,1350,1.0,0.03613,10.69874,14443.30434,0.54296,62.5,71.9,False
Electoral,Popular Vote,Winner,POPVOTEKHNJ,464,1.0,0.03594,4.67058,2167.15016,0.48218,58.9,61.6,True
Electoral,Electoral College,Other,KXSYRIAELECTION,40,1.0,0.03589,5.34644,213.85772,0.43605,138.8,160.8,True
Electoral,Canada,NL Party,KXPARTYWINNL,371,1.0,0.03576,11.15172,4137.28686,0.396,12.1,15.5,True
Electoral,Presidential,General,PRESPARTYHI,1194,1.0,0.0355,13.89334,16588.64481,0.56461,62.6,72.8,False
Electoral,Presidential,General,PRESPARTYDE,365,1.0,0.03545,8.00303,2921.10573,0.62348,62.4,72.3,True
Electoral,Electoral College,Other,KXJUDGECOUNT,5,1.0,0.0354,2.83145,14.15726,1.26954,8.5,10.2,True
Electoral,Canada,Liberal Seats,KXCANLIBSEATS,2765,0.99783,0.03538,6.15251,17011.69407,0.3156,29.8,44.4,False
Electoral,Other Elections,Other Mayor,KXMAYORSF,94,1.0,0.03536,1.88592,177.27679,0.55737,72.0,74.1,True
Electoral,Popular Vote,KH Margin,POPVOTEKHNM,1004,1.0,0.03532,113.34783,113801.21637,0.24088,20.2,54.7,False
Electoral,House,Other,HOUSEFL6,179,1.0,0.03527,8.04991,1440.93403,0.54169,6.2,14.2,True
Electoral,Presidential,General,PRESPARTYIN,399,1.0,0.03527,6.25764,2496.79847,0.55958,62.1,66.2,True
Electoral,Presidential,General,PRESPARTYNE,310,1.0,0.03502,9.40187,2914.57902,0.54901,62.6,67.2,True
Electoral,Electoral College,Other,SEC230,25,1.0,0.03501,8.69498,217.37457,0.94386,88.3,162.3,True
Electoral,Electoral College,Other,KXSECHUD,545,1.0,0.0349,10.06761,5486.84485,0.33376,74.8,84.0,False
Electoral,Electoral College,Other,ECB,107,1.0,0.03465,5.00665,535.71208,0.60746,2.8,13.8,True
Electoral,Other Elections,Other,KXVOTETULSI,1829,0.98688,0.03449,12.2267,22362.63083,0.2423,5.8,14.1,False
Electoral,Electoral College,Other,BIGTECHLAYOFF,342,1.0,0.0343,1.55241,530.92345,0.44978,6.1,23.0,True
Electoral,Governor,Other,KXVOTEPERCENTNJGOVR,29,1.0,0.03425,3.41635,99.07427,0.3516,13.9,14.8,True
Electoral,Presidential,General,UNIPRESIDENTS,99,1.0,0.03417,4.03268,399.23579,0.52213,26.1,61.1,True
Electoral,Presidential,General,PRESPARTYME1,207,1.0,0.03406,7.82098,1618.94235,0.53207,62.5,72.4,True
Electoral,Electoral College,Other,KXSECAGRO,891,1.0,0.03395,10.10352,9002.23711,0.40595,84.9,94.7,False
Electoral,Presidential,General,PRESPARTYMT,160,1.0,0.03386,5.98119,956.9909,0.57655,63.4,67.8,True
Electoral,Electoral College,Other,RECNC,559,1.0,0.03372,4.78525,2674.95691,0.49578,10.9,100.4,False
Electoral,Senate,Other,SENATEMS,28,1.0,0.03371,4.22723,118.36234,0.51869,58.8,62.7,True
Electoral,Electoral College,Other,KXTOPALBUMRECORDGNXS,555,1.0,0.0337,14.39187,7987.48604,0.55106,4.4,5.7,False
Electoral,Electoral College,Other,KXSECTRANS,188,1.0,0.03363,7.31514,1375.24642,0.43513,71.9,72.0,True
Electoral,Governor,Other,KXGOVNJNOMR,204,1.0,0.03341,11.88674,2424.895,0.20854,4.4,30.5,True
Electoral,Governor,Other,KXGERMANGOVT,104,1.0,0.03328,5.94287,618.05889,0.36379,15.6,21.9,True
Electoral,Electoral College,Other,KXSPOTIFYSONGSMRELECTRICBLUE,19,1.0,0.03312,5.5232,104.94088,0.82026,1.0,1.6,True
Electoral,Electoral College,Other,KXECDJT316,132,1.0,0.033,7.30798,964.65395,0.44908,42.0,44.8,True
Electoral,Other Elections,Other Mayor,KXMAYORNOLA,166,1.0,0.03299,7.5101,1246.67649,0.40341,19.4,25.2,True
Electoral,Electoral College,Other,APPLECAR,207,1.0,0.03296,1.92828,399.1548,0.60525,242.5,322.8,True
Electoral,Electoral College,Other,KXNOBELECON,35,1.0,0.03287,6.57052,229.96837,0.67373,3.6,4.6,True
Electoral,Presidential,General,PRESPARTYAZ,2283,0.99912,0.03283,15.35018,35044.46294,0.13219,61.1,61.6,False
Electoral,Other Elections,Minneapolis Mayor,KXMAYORMINN,555,1.0,0.03266,10.56005,5860.82696,0.28086,2.9,7.3,False
Electoral,Electoral College,Other,KXRECESSAPPT,946,1.0,0.03259,5.80071,5487.46969,0.55978,178.6,242.7,False
Electoral,Electoral College,Other,KXTOPALBUMRECORDGNX,147,1.0,0.03251,7.32363,1076.57345,0.53111,6.9,19.2,True
Electoral,Electoral College,Other,KXFEATURETYLERTHECREATOR,7,1.0,0.03231,0.32728,2.29099,1.03119,1.3,1.3,True
Electoral,Presidential,General,PRESPARTYWA,503,1.0,0.03231,16.92445,8512.99822,0.36471,62.1,68.9,False
Electoral,Presidential,General,KXPRESROMANIA24,1061,0.99717,0.03213,19.19621,20367.18117,0.3173,46.0,107.3,False
Electoral,Senate,Majority,KXSENMAJORITY,3185,1.0,0.03204,14.79942,47136.14845,0.37352,79.9,82.6,False
Electoral,Presidential,General,PRESPARTYMO,283,1.0,0.03193,9.07066,2566.99634,0.54743,62.9,69.3,True
Electoral,Presidential,General,PRESPARTYLA,198,1.0,0.03188,6.62188,1311.13244,0.62766,62.2,66.6,True
Electoral,Presidential,General,PRESPARTYUT,189,1.0,0.03179,6.72237,1270.52727,0.53195,62.6,73.7,True
Electoral,Electoral College,Other,KXECDJT322,451,1.0,0.03175,7.28213,3284.24135,0.29518,42.1,43.8,True
Electoral,Popular Vote,Winner,POPVOTEDJTWY,151,1.0,0.03171,3.90551,589.73191,0.46039,59.1,61.2,True
Electoral,Presidential,General,PRESPARTYTN,187,1.0,0.03165,5.81505,1087.41504,0.47922,62.7,67.1,True
Electoral,Electoral College,Other,KXECDJT281,377,1.0,0.03161,11.41244,4302.48949,0.51946,40.8,42.5,True
Electoral,Governor,Other,GOVPARTYMT,28,1.0,0.0316,4.76106,133.30959,0.89701,66.8,68.0,True
Electoral,Presidential,General,PRESPARTYNE2,178,1.0,0.0316,12.64425,2250.67594,0.47704,61.4,64.2,True
Electoral,Electoral College,Other,KXSECED,351,1.0,0.03143,5.97834,2098.39773,0.50697,104.0,110.0,True
Electoral,Presidential,General,PRESPARTYME,605,1.0,0.03142,13.80149,8349.90006,0.37252,61.6,61.7,False
Electoral,Governor,Other,KXGOVTFUNDSVOTES,2255,0.99867,0.03141,4.89418,11036.37857,0.23311,1.0,1.9,False
Electoral,Electoral College,Other,KXRECNCBILL,286,1.0,0.03135,12.35888,3534.63926,0.46627,10.9,40.4,True
Electoral,Senate,Other,SENATEND,33,1.0,0.03128,3.51738,116.0737,0.72937,59.1,61.4,True
Electoral,Electoral College,Other,KXTRUMPNATSEC,91,1.0,0.03123,2.75215,250.446,0.39975,0.9,1.6,True
Electoral,Senate,Nebraska,SENATENES,12,1.0,0.03113,4.86339,58.36074,0.78277,58.7,64.3,True
Electoral,Electoral College,Other,KXSECSTATE,510,1.0,0.03112,7.16115,3652.18775,0.50532,70.4,71.1,False
Electoral,Electoral College,Other,KXECDJT270,465,1.0,0.03109,6.51846,3031.08552,0.54146,42.2,44.1,True
Electoral,Electoral College,Other,KXTOPSONGRECORDMANCHILD,104,1.0,0.03092,3.72742,387.65158,0.51671,2.3,5.9,True
Electoral,Electoral College,Other,KXSECVA,527,1.0,0.03091,9.58672,5052.19927,0.40712,81.9,83.0,False
Electoral,Presidential,General,PRESPARTYMA,542,1.0,0.03087,8.06196,4369.58316,0.54114,62.7,70.7,False
Electoral,Electoral College,DJT Blowout,ECDJTBLOWOUT,1547,1.0,0.03086,12.0848,18695.18659,0.39455,60.9,61.5,False
Electoral,Electoral College,Other,KXTOPALBUMRECORDAMITHEDRAMA,280,1.0,0.03083,2.77831,777.92695,0.47524,6.8,14.0,True
Electoral,Other Elections,Other Mayor,KXMAYORATLANTA,16,1.0,0.03073,7.75882,124.14119,0.84094,3.8,187.9,True
Electoral,Electoral College,Other,KXECDJT283,499,1.0,0.03064,6.95746,3471.77209,0.52153,40.1,42.4,True
Electoral,House,Other,KXHOUSEGOVTFUND,1573,0.99364,0.03055,2.30358,3623.52912,0.15137,0.2,1.2,False
Electoral,House,Other,KXHOUSEMINORITY,243,0.99177,0.03054,2.2325,542.49663,0.03689,86.8,91.5,True
Electoral,Other Elections,Other,KXPCTVOTEMAMR1,190,1.0,0.03043,10.72837,2038.38963,0.34824,23.3,28.1,True
Electoral,Electoral College,Other,KXSECTREASURY,4595,0.99935,0.03039,10.23584,47033.66695,0.31312,69.3,76.2,False
Electoral,Presidential,General,PRESPARTYMD,356,1.0,0.03018,10.84541,3860.96741,0.57674,62.2,69.7,True
Electoral,Presidential,General,PRESPARTYCA,2858,1.0,0.03007,19.85709,56751.55108,0.48045,62.0,75.2,False
Electoral,Presidential,General,PRES,55800,1.0,0.0299,49.13407,2741681.18326,0.20132,75.4,75.5,False
Electoral,Governor,Other,GOVPARTYUT,16,1.0,0.02949,5.6075,89.71998,0.72045,66.1,69.8,True
Electoral,Governor,Other,KXGOVVANOMR,1,1.0,0.02949,0.02949,0.02949,,181.2,181.2,True
Electoral,Electoral College,Other,KXECDJT306,129,1.0,0.02942,6.05604,781.22973,0.61861,41.2,45.6,True
Electoral,Other Elections,Other,KXVOTEMCMAHON,201,1.0,0.0294,1.66933,335.53589,0.37076,3.2,5.3,True
Electoral,Presidential,General,PRESPARTYSC,278,1.0,0.02939,8.0682,2242.96014,0.41036,62.1,67.0,True
Electoral,House,Other,HOUSEIA1,230,0.99565,0.02938,14.99557,3448.98017,0.64122,45.8,57.7,True
Electoral,Presidential,General,PRESPARTYAL,137,1.0,0.02921,3.45587,473.45476,0.7593,62.2,64.9,True
Electoral,Presidential,General,PRESPARTYND,137,1.0,0.02921,4.36539,598.05822,0.6743,63.1,67.6,True
Electoral,Electoral College,Other,KXNCAAMSEC,1417,0.99788,0.02903,3.18859,4518.22851,0.25408,31.1,32.8,False
Electoral,Presidential,General,PRESPARTYAR,139,1.0,0.02893,3.70387,514.8385,0.78423,62.2,65.7,True
Electoral,Governor,Other,GOVPARTYMO,13,1.0,0.02874,9.91171,128.85223,0.9463,73.0,73.1,True
Electoral,Presidential,General,PRESPARTYID,165,1.0,0.02866,3.51301,579.64689,0.55383,62.4,67.3,True
Electoral,Presidential,General,PRESPARTYVA,3426,1.0,0.02846,19.10287,65446.43257,0.34548,61.6,61.7,False
Electoral,Presidential,General,PRESPARTYGA,3167,1.0,0.02845,27.40414,86788.89593,0.14839,61.6,61.7,False
Electoral,Senate,Nevada,SENATENV,1436,0.99791,0.02825,25.3707,36432.31848,0.48528,56.6,57.4,False
Electoral,Other Elections,Other Mayor,KXMAYORBOSTON,61,1.0,0.02821,6.17285,376.54365,0.73109,54.7,102.9,True
Electoral,Other Elections,Other Mayor,KXMONTREALMAYOR,130,1.0,0.02806,3.15374,409.98583,0.2,11.7,12.7,True
Electoral,Presidential,General,PRESPARTYVT,407,1.0,0.02797,10.12365,4120.32475,0.49539,62.8,74.8,True
Electoral,Electoral College,Other,KXRECNCH,158,1.0,0.02794,9.84257,1555.12616,0.61514,22.7,31.3,True
Electoral,Electoral College,Other,KXKINGEXEC,46,1.0,0.02779,1.09031,50.15447,0.9258,10.9,12.9,True
Electoral,Popular Vote,Winner,POPVOTEDJTOH,183,1.0,0.0274,3.01495,551.73583,0.46808,57.9,61.5,True
Electoral,Governor,Other,KXCONFFEDGOV,149,1.0,0.02738,4.85414,723.26707,0.34207,4.0,5.3,True
Electoral,House,Other,HOUSEMI7,9,1.0,0.02731,1.27366,11.4629,0.77388,58.6,59.7,True
Electoral,Senate,Other,KXSENATEBILLS,13,1.0,0.02723,0.74252,9.65273,0.96505,8.6,9.4,True
Electoral,Presidential,General,PRESPARTYKY,262,1.0,0.0272,6.71445,1759.18651,0.61004,63.0,76.3,True
Electoral,Presidential,General,PRESPARTYNC,2157,1.0,0.02713,20.08581,43325.08524,0.13882,61.5,61.7,False
Electoral,Electoral College,Other,KXSECAG,7765,1.0,0.02687,14.28026,110886.20421,0.29745,75.7,81.4,False
Electoral,Electoral College,Other,HOUSECA45,546,0.98352,0.02657,33.17497,18113.53121,0.41744,42.3,47.8,False
Electoral,Governor,New Jersey,GOVPARTYNJ,1559,1.0,0.02637,29.50319,45995.47062,0.34602,2.1,2.1,False
Electoral,Presidential,General,PRESPARTYDC,301,1.0,0.02623,6.90405,2078.1205,0.46449,62.5,67.1,True
Electoral,Electoral College,Tipping Point,TIPPINGPOINT,3573,0.99384,0.02612,9.58572,34249.78096,0.28799,61.4,64.8,False
Electoral,Presidential,General,PRESPARTYMS,175,1.0,0.02612,3.96094,693.16479,0.34301,62.6,66.5,True
Electoral,Other Elections,Other,KXVOTESTEFANIK,168,1.0,0.02605,6.29377,1057.3529,0.53962,1.0,1.0,True
Electoral,Presidential,General,PRESPARTYWY,148,1.0,0.0259,3.34146,494.53564,0.56726,62.9,67.2,True
Electoral,Electoral College,Other,KXELECTIONDAYS,3840,1.0,0.02586,4.8893,18774.90701,0.37368,3.2,7.3,False
Electoral,Senate,Other,SENATEUT,21,1.0,0.02575,2.75057,57.76206,0.96411,60.2,64.8,True
Electoral,Electoral College,Other,KXDUTCHSECOND,148,1.0,0.02571,6.03804,893.63065,0.26798,5.1,10.8,True
Electoral,Electoral College,Other,KXESPYRECORD,33,1.0,0.02563,3.49315,115.27386,0.46475,1.0,3.0,True
Electoral,Senate,Other,SENATEWY,28,1.0,0.02563,3.24718,90.92097,0.87059,58.9,60.5,True
Electoral,Presidential,General,PRESPARTYNE3,104,1.0,0.02552,4.93351,513.08533,0.71545,62.9,75.9,True
Electoral,Presidential,General,PRESPARTYOK,135,1.0,0.02541,5.81586,785.14158,0.58119,63.8,67.9,True
Electoral,Electoral College,Other,KXSECENERGY,847,0.9941,0.02528,8.15024,6903.25322,0.38841,80.6,87.5,False
Electoral,House,Other,HOUSENY4,28,1.0,0.02528,1.2752,35.70573,0.55859,56.8,58.4,True
Electoral,Presidential,General,PRESPARTYPA,3889,0.99974,0.02525,13.60512,52910.3246,0.21318,61.2,61.6,False
Electoral,Senate,Other,KXSENATEEPSTEIN,846,0.99409,0.0251,4.07586,3448.18136,0.31123,0.1,0.8,False
Electoral,House,Control Senate,CONTROLS,173,1.0,0.02507,29.6349,5126.83753,0.19478,87.4,87.5,True
Electoral,Governor,Other,GOVPARTYWV,31,1.0,0.02505,4.16863,129.22758,0.73357,69.1,71.9,True
Electoral,Electoral College,Other,KXECDJT287,251,1.0,0.0248,5.24641,1316.84784,0.40416,41.8,42.6,True
Electoral,Presidential,General,PRESPARTYFULL,8037,0.99813,0.02479,21.1753,170185.92192,0.06781,61.7,72.9,False
Electoral,Other Elections,Other,KXUNDOTARIFFVOTE,25,1.0,0.02478,1.33866,33.46656,1.01129,0.6,0.7,True
Electoral,Presidential,General,PRESPARTYWI,1704,1.0,0.02477,13.15904,22423.00358,0.2198,60.7,61.6,False
Electoral,Presidential,General,PRESPARTYSD,113,1.0,0.02418,3.26181,368.58442,0.79232,62.3,69.3,True
Electoral,Electoral College,Other,KXECKH319,83,1.0,0.02405,2.87754,238.83608,0.52805,42.5,42.7,True
Electoral,Presidential,General,KXCALABRIAPRES,126,1.0,0.02364,1.63425,205.91544,0.70428,22.2,23.0,True
Electoral,Presidential,General,KXTRUMPPRESS,1630,0.99571,0.02361,3.54873,5784.42798,0.06573,3.6,4.9,False
Electoral,Presidential,General,KXNEXTWHPRESS,20,1.0,0.0236,3.87454,77.49085,0.60761,0.9,3.3,True
Electoral,Electoral College,Other,KXSECDEF,6585,0.98831,0.02344,4.93243,32480.07141,0.05244,51.5,73.7,False
Electoral,Popular Vote,Margin,POPVOTEMOVMI,1631,0.97731,0.02342,2.95228,4815.16859,0.00704,64.8,75.7,False
Electoral,Electoral College,Other,KXELECTIONMOVAZ7S,409,0.99511,0.02331,9.6814,3959.69155,0.17087,20.6,20.9,True
Electoral,Presidential,General,PRESPARTYWV,178,1.0,0.02319,3.52771,627.93312,0.45901,62.5,67.6,True
Electoral,Electoral College,Other,KXSECLABOR,157,1.0,0.02317,4.58584,719.97652,0.40867,108.6,112.8,True
Electoral,Governor,Other,GOVPARTYNH,31,1.0,0.02315,3.14752,97.57323,0.77327,65.4,65.6,True
Electoral,Other Elections,Other Mayor,KXMAYORFORTW,9,1.0,0.02294,5.63823,50.74404,0.6962,67.2,73.4,True
Electoral,Electoral College,Other,ECKHBLOWOUT,447,1.0,0.02287,6.02991,2695.37047,0.3858,60.3,61.7,True
Electoral,Presidential,General,PRESPARTYNH,1600,1.0,0.02278,10.42846,16685.54366,0.30861,61.6,61.7,False
Electoral,Presidential,General,PRESPARTYNV,2141,1.0,0.02252,10.59984,22694.2585,0.31524,61.1,61.6,False
Electoral,Popular Vote,Winner,POPVOTEDJTMO,98,1.0,0.02237,1.24434,121.94577,0.66843,59.1,61.2,True
Electoral,Electoral College,Other,KXCZECHPARTY,22,1.0,0.02234,1.23425,27.15343,0.67379,9.2,75.7,True
Electoral,House,Other,HOUSEWA3,41,1.0,0.0223,2.55714,104.84262,0.7229,56.8,58.2,True
Electoral,House,Other,HOUSEPA10,30,1.0,0.02229,3.75368,112.61028,0.48072,55.0,58.5,True
Electoral,Presidential,General,KXPRESTUSCANY,134,1.0,0.02223,2.62078,351.1851,0.76126,18.6,24.9,True
Electoral,Electoral College,Other,KXNYCMAYORDSECOND,247,1.0,0.02217,4.78577,1182.08475,0.36926,28.1,40.5,True
Electoral,House,R Seats,RHOUSESEATSSMALL,3438,0.98342,0.02213,6.20691,21339.34928,0.01877,70.5,78.5,False
Electoral,Other Elections,Other Mayor,KXACKMANMAYOR,8,1.0,0.02212,1.92646,15.41168,1.26999,23.1,87.8,True
Electoral,Other Elections,Other Mayor,KXISTANBULMAYOR,4,1.0,0.02212,7.24895,28.99579,3.60576,3.4,8.8,True
Electoral,Electoral College,Other,KXTOPALBUMRECORDMWITP,138,0.98551,0.02206,1.89324,261.26755,0.2998,6.9,9.5,True
Electoral,Governor,Other,GOVPARTYDE,30,1.0,0.02163,5.16025,154.80764,0.69989,74.1,77.8,True
Electoral,Senate,Other,SENATEMT,225,1.0,0.02159,6.422,1444.94957,0.40483,57.8,58.7,True
Electoral,Governor,Other,GOVBALL,26,1.0,0.02155,2.65396,69.00293,0.8113,1.0,5.6,True
Electoral,Presidential,General,PRESPARTYIA,2967,1.0,0.02152,15.34217,45520.23035,0.22455,61.4,61.7,False
Electoral,Other Elections,Other,KXVOTEFUNDING,567,0.98413,0.02107,5.28299,2995.45656,0.26293,1.9,5.1,False
Electoral,Senate,Nebraska,SENATENE,158,1.0,0.02097,7.34565,1160.61343,0.43388,58.6,58.7,True
Electoral,Presidential,General,PRESPARTYMI,2746,1.0,0.02072,15.60711,42857.12393,0.20661,61.1,61.5,False
Electoral,Other Elections,Other Mayor,KXNYCMAYORTHIRDPLACE,70,1.0,0.0205,4.78155,334.70875,0.40848,28.3,33.4,True
Electoral,Senate,R Seats,RSENATESEATS,4503,0.98112,0.02028,16.30463,73419.75025,0.11996,86.6,95.5,False
Electoral,House,Other,HOUSEPA7,17,1.0,0.02024,0.65286,11.09865,0.83964,58.2,58.6,True
Electoral,Electoral College,Other,KXTOPALBUMRECORDMBF,18,1.0,0.02021,2.68545,48.33811,0.45431,3.4,5.4,True
Electoral,Electoral College,Other,TOPALBUMRECORDY,273,0.98535,0.02018,9.50464,2594.7668,0.26388,6.6,25.8,True
Electoral,Electoral College,Other,KXRECNC,198,0.99495,0.02012,7.21045,1427.66855,0.48045,10.4,33.2,True
Electoral,Popular Vote,Margin,POPVOTEMOVWI,1934,0.97466,0.02012,17.80842,34441.48366,0.1415,63.0,72.1,False
Electoral,Senate,Ohio,SENATEOH,297,1.0,0.02006,5.87671,1745.38226,0.38696,57.9,58.7,True
Electoral,Senate,Other,KXSENATETARIFF,41,1.0,0.0199,2.68161,109.94616,0.44869,8.5,8.6,True
Electoral,Electoral College,Other,KXHFINSERVICECHAIR,14,1.0,0.01966,1.86786,26.15001,0.35907,28.0,28.0,True
Electoral,Electoral College,Other,KXSKSECOND,9,1.0,0.01966,5.44824,49.03416,0.79898,1.6,2.3,True
Electoral,Governor,Other,GOVPARTYND,5,1.0,0.01966,0.49937,2.49686,1.16315,63.0,71.7,True
Electoral,Presidential,General,KXPRESURUGUAY,9,1.0,0.01966,2.5884,23.29556,0.74409,1.6,1.6,True
Electoral,Electoral College,Other,FEDDECISION,5180,0.98514,0.01961,17.44809,90381.09406,0.13148,14.0,38.9,False
Electoral,Other Elections,Hegseth,KXALLVOTEHEGSETH,47,1.0,0.01945,8.92193,419.33061,0.39371,1.4,1.5,True
Electoral,Senate,Texas,SENATETX,775,1.0,0.01865,9.47796,7345.41574,0.25097,58.6,58.8,False
Electoral,House,Other,HOUSEVA7,34,1.0,0.0185,1.51011,51.3439,0.65428,58.1,58.7,True
Electoral,House,Other,HOUSEIA3,25,1.0,0.01848,3.33183,83.29566,0.60677,58.5,58.7,True
Electoral,House,Other,HOUSEPA8,20,1.0,0.01818,0.55139,11.02782,0.74028,54.0,58.5,True
Electoral,Popular Vote,Margin,POPVOTEMOVGA,2831,0.97209,0.01736,13.04389,36927.25546,0.07546,63.0,73.8,False
Electoral,Other Elections,Other Mayor,KXBBGMAYOR,10,1.0,0.01671,4.91434,49.14344,0.70621,8.9,32.8,True
Electoral,Governor,Other,KXLTGOVVANOMR,63,0.98413,0.01581,4.18329,263.54705,0.31336,2.1,68.7,True
Electoral,Presidential,General,KXPRESCAMEROON,27,0.96296,0.01579,3.42136,92.37684,0.58924,19.5,33.5,True
Electoral,House,Other,HOUSEAKAL,270,0.97037,0.01546,24.34402,6572.88461,0.39057,50.4,57.0,True
Electoral,House,Other,HOUSEFL1,126,1.0,0.01498,4.33692,546.45143,0.51188,13.8,56.6,True
Electoral,House,Other,HOUSEME2,122,0.98361,0.01399,6.18139,754.13001,0.3891,54.0,58.0,True
Electoral,Electoral College,Other,KXTECHLAYOFF,5,1.0,0.01376,1.24221,6.21107,1.32587,0.0,0.8,True
Electoral,House,Other,KXHOUSEEPSTEIN,3016,0.98574,0.01375,3.28766,9915.573,0.29894,1.2,1.7,False
Electoral,Presidential,General,KXSECPRESSMENTION,8982,0.98831,0.01333,2.53753,22792.07918,0.14374,0.2,6.2,False
Electoral,Presidential,General,KXPRESPOLAND,461,0.98048,0.01239,15.53658,7162.36486,0.2236,0.9,91.1,True
Electoral,Popular Vote,Margin,POPVOTEMOVSMALLER,15023,0.9771,0.01223,35.6292,535257.40976,0.11758,45.8,50.6,False
Electoral,Electoral College,Other,KXSPOTIFYSONGSWKNDOECHIIREMIX,17,1.0,0.01214,1.52316,25.8938,0.4778,3.0,3.6,True
Electoral,Electoral College,Other,KXSECCOM,295,0.98305,0.01182,12.71757,3751.68228,0.45869,91.3,97.0,True
Electoral,Senate,Other,KXSENATEEPSTEINH,11,1.0,0.01161,4.10969,45.20655,0.90894,0.0,0.0,True
Electoral,Electoral College,Other,KXECADVANTAGE,6,1.0,0.01147,0.77304,4.63825,0.57558,61.1,61.6,True
Electoral,Electoral College,Other,KXUSELECTIONARIZONA7,96,1.0,0.01106,14.79181,1420.01418,0.44286,21.1,47.1,True
Electoral,Electoral College,Other,KXELECTION24RCP,10,1.0,0.00983,0.31839,3.18387,0.70751,0.0,0.0,True
Electoral,Other Elections,Other,KXVOTEPERCENTAUTO,5,1.0,0.00983,0.20833,1.04164,1.2287,8.4,8.4,True
Electoral,Other Elections,Other,KXVOTEPERCENTNOLIB,1,1.0,0.00983,7.8614,7.8614,,13.1,13.1,True
Electoral,Other Elections,Other,KXVOTEPERCENTPIRATES,1,1.0,0.00983,0.34394,0.34394,,2.0,2.0,True
Electoral,Presidential,General,KXGREECEPRES,2,1.0,0.00983,1.47401,2.94802,,2.3,2.3,True
Electoral,Senate,Other,KXSENATETARIFFVOTE,4,1.0,0.00983,14.492,57.968,0.6203,0.9,0.9,True
Electoral,Electoral College,Other,KXSECCHAIR,770,0.97532,0.0095,5.73365,4414.91366,0.1078,133.3,142.8,False
Electoral,House,Other,HOUSEAZ1,60,0.98333,0.00906,6.18137,370.8822,0.37108,55.1,57.9,True
Electoral,Presidential,General,KXPRESECUADOR25,69,0.98551,0.00631,3.27091,225.69293,0.26561,0.7,136.7,True
Electoral,Electoral College,Other,KXLASTSTATECALL24,3647,0.97066,0.00332,1.8315,6679.48367,0.12511,5.6,6.5,False
Electoral,Other Elections,Other Mayor,KXMAYORSANANT,43,0.97674,0.00258,3.42834,147.41865,0.50427,47.5,55.6,True
Electoral,Other Elections,Other Mayor,KXMAYOROAKLAND,27,0.96296,0.00194,1.61984,43.7357,0.58429,2.0,32.0,True
Electoral,Popular Vote,Margin,POPVOTEMOV,59232,0.96475,0.00152,7.07631,419143.71474,0.01158,61.1,67.6,False
Electoral,Other Elections,Other,KXVOTESHUTDOWNH,112,0.96429,-0.00209,7.13617,799.25113,0.27724,0.3,6.4,True
Electoral,Senate,Wisconsin,SENATEWI,506,0.98024,-0.00238,-31.63468,-16007.14757,-0.03976,55.0,58.4,False
Electoral,Popular Vote,Margin,POPVOTEMOVPA,17051,0.95361,-0.0063,-4.46872,-76196.16699,-0.01413,62.6,74.0,False
Electoral,Governor,Other,KXLTGOVVANOMD,204,0.95098,-0.00804,-1.73406,-353.74819,-0.02663,0.6,86.3,True
Electoral,Presidential,General,KXSEYCHELLESPRES,26,0.96154,-0.00972,2.996,77.89596,0.83391,1.6,15.4,True
Electoral,Electoral College,Other,KXNCAABSEC,148,0.94595,-0.01152,-5.87765,-869.89267,-0.06796,0.0,0.2,True
Electoral,Popular Vote,Margin,POPVOTEMOVAZ,3702,0.95246,-0.01268,2.72789,10098.64746,0.01326,60.7,66.2,False
Electoral,Presidential,General,KXMALAWIPRES,97,0.93814,-0.01328,-14.83552,-1439.04569,-0.15119,9.5,18.4,True
Electoral,House,R Seats,RHOUSESEATS,1475,0.94237,-0.01521,16.03064,23645.18745,0.1122,84.9,89.8,False
Electoral,House,Margin,HOUSEMOV,9878,0.94624,-0.01654,2.60653,25747.33469,0.01935,83.9,90.6,False
Electoral,Electoral College,Other,KXELECTIONMOVNJGOVD,68,0.94118,-0.01673,2.34933,159.75465,0.40937,1.1,1.5,True
Electoral,Electoral College,Other,KXECB,12,0.91667,-0.02596,-13.62705,-163.52465,-0.27701,2.0,6.8,True
Electoral,Other Elections,Other,KXVOTESHUTDOWNS,198,0.93939,-0.02599,41.03545,8125.01929,0.48135,0.8,28.2,True
Electoral,Popular Vote,Margin,POPVOTEMOVNC,2388,0.92965,-0.02798,-20.99102,-50126.56769,-0.06564,63.3,73.7,False
Electoral,Electoral College,Other,RATECUTCOUNT,6116,0.93378,-0.02951,-11.98252,-73285.11331,-0.04738,151.6,335.4,False
Electoral,Senate,Michigan,SENATEMI,335,0.94627,-0.02984,-16.89078,-5658.41292,-0.10285,57.9,58.3,True
Electoral,Electoral College,Other,HOUSECA27,193,0.92746,-0.03101,6.23283,1202.93651,0.13431,53.7,55.7,True
Electoral,Other Elections,Other,KXVOTEPERCENTPVV,16,0.9375,-0.03116,6.11213,97.79415,0.26288,9.6,9.8,True
Electoral,Electoral College,Other,KXUECLGAME,670,0.93433,-0.03503,-5.51512,-3695.13121,-0.10441,0.0,0.1,False
Electoral,Electoral College,Other,KXELECTIONMOVIRELAND,48,0.9375,-0.03874,2.2641,108.67658,0.23474,2.4,3.0,True
Electoral,Electoral College,Other,ECONPATH,258,0.91085,-0.045,-17.14471,-4423.33614,-0.16103,80.3,155.7,True
Electoral,House,Other,HOUSENY19,56,0.92857,-0.05054,5.97215,334.44017,0.51297,57.5,58.6,True
Electoral,Popular Vote,Margin,POPVOTEMOVNV,2186,0.90348,-0.0555,-22.88176,-50019.52469,-0.08106,61.9,71.7,False
Electoral,Popular Vote,Margin,POPVOTEMOVSMALL,23698,0.89906,-0.06702,-54.1608,-1283502.58966,-0.05378,56.8,59.7,False
Electoral,Electoral College,Other,KXJPHOCSECOND,118,0.88136,-0.06763,-12.07164,-1424.45325,-0.199,8.0,8.6,True
Electoral,Electoral College,Other,KXPCECORE,409,0.87286,-0.07724,-16.08214,-6577.59453,-0.16194,4.3,15.0,True
Electoral,Electoral College,Other,KXUSAMBGREECE,8,0.875,-0.08812,3.40765,27.26122,1.11449,22.7,43.6,True
Electoral,Electoral College,Other,TOPALBUMRECORD,198,0.86364,-0.08962,-21.26725,-4210.91493,-0.18863,4.8,60.1,True
Electoral,House,Other,HOUSEAZ6,121,0.87603,-0.09049,4.3707,528.85465,0.08462,52.8,57.9,True
Electoral,Electoral College,Other,KXRECNCHVOTE,135,0.86667,-0.09123,-5.06262,-683.45364,-0.10211,0.5,86.0,True
Electoral,Canada,PM,KXCANADAPM,1063,0.87959,-0.0942,32.26759,34300.45053,0.15144,28.6,141.1,False
Electoral,Electoral College,Other,KXVENICEFILMFESTIVALSPECIALJURY,11,0.81818,-0.11296,-0.83613,-9.19746,-0.12297,0.8,9.4,True
Electoral,Electoral College,Other,KXELECTIONCALL,54,0.83333,-0.13389,-61.86256,-3340.57849,-0.15429,0.7,1.3,True
Electoral,Presidential,General,KXBOLIVIAPRES,761,0.82523,-0.14332,-47.89564,-36448.58299,-0.09928,83.0,98.2,False
Electoral,House,Other,HOUSEMI8,11,0.81818,-0.16395,-1.69391,-18.63303,-0.21214,58.5,58.5,True
Electoral,Electoral College,Other,KXFANATICSGAMESSECONDPLACE,10,0.8,-0.16558,-1.98968,-19.89681,-0.30193,1.8,1.9,True
Electoral,Electoral College,Other,HOUSECO8,48,0.79167,-0.16571,13.23212,635.1417,0.29115,54.0,57.0,True
Electoral,Governor,Other,KXFEDGOVMENTION,5,0.8,-0.1764,-3.43114,-17.15568,-0.38531,0.1,0.5,True
Electoral,Electoral College,Other,KXNEWPOPECOUNTRY,209,0.7799,-0.18118,-20.58134,-4301.49915,-0.21422,1.9,7.8,True
Electoral,Other Elections,Other,KXVOTEPERCENTANO,11,0.72727,-0.23965,-0.44877,-4.93645,-0.23969,9.2,21.4,True
Electoral,Other Elections,Other Mayor,KXMAYOROMAHA,43,0.72093,-0.25049,-27.99131,-1203.62635,-0.30407,27.4,69.0,True
Electoral,Electoral College,Other,KXSECONDPLACENJGOVDNOM,55,0.70909,-0.25193,-101.0793,-5559.36157,-0.15452,1.2,1.5,True
Electoral,Electoral College,Other,ECLIPSECOVER,17,0.70588,-0.25536,0.4787,8.13794,0.26693,0.8,0.9,True
Electoral,Electoral College,Other,KXELECTCONCEDE,13,0.69231,-0.26836,-7.10619,-92.38051,-0.31277,0.2,0.2,True
Electoral,Electoral College,Other,KXSECINT,155,0.65806,-0.30088,-83.66371,-12967.87458,-0.36957,77.5,82.9,True
Electoral,Governor,Other,KXAPCALLNJGOV,26,0.65385,-0.31854,-2.91904,-75.89493,-0.40076,0.1,3.3,True
Electoral,Electoral College,Other,KXENDORSECUOMO,1504,0.62965,-0.32216,-34.83638,-52393.92232,-0.17307,3.2,11.9,False
Electoral,House,Other,HOUSENE2,44,0.63636,-0.32519,-12.13596,-533.98222,-0.23715,58.5,58.7,True
Electoral,House,Other,HOUSENC1,24,0.625,-0.32705,-0.62823,-15.07746,-0.0574,58.0,58.5,True
Electoral,Electoral College,Other,KXPORTUGALSECOND,10,0.6,-0.36755,-34.30917,-343.09168,-0.53922,13.3,71.1,True
Electoral,Electoral College,Other,KXGOVTRECOGSYRIA,104,0.57692,-0.37863,-41.75665,-4342.69171,-0.32064,9.1,25.5,True
Electoral,Electoral College,Other,KXNEWPOPECONTINENT,137,0.59124,-0.38896,-34.45537,-4720.38574,-0.44049,1.7,10.0,True
Electoral,Governor,Other,KXAPCALLVAGOV,16,0.5625,-0.41107,-108.57316,-1737.17051,-0.409,0.1,0.7,True
Electoral,Senate,Other,KXBOLIVIASENATE,10,0.5,-0.45378,-26.89371,-268.93708,-0.6189,21.9,38.4,True
Electoral,Electoral College,Other,KXECBMENTION,14,0.5,-0.4698,-5.86443,-82.10197,-0.53925,0.4,0.4,True
Electoral,Other Elections,Other,KXSPEAKERVOTE,528,0.33712,-0.62971,-414.58476,-218900.75186,-0.3127,0.1,0.1,False
Electoral,Electoral College,Other,KXELECTIONPACALL,1,0.0,-0.92129,-11.97674,-11.97674,,1.6,1.6,True
Electoral,Other Elections,Other,KXMUSKPACKAGEVOTE,1,0.0,-0.92129,-49.74955,-49.74955,,29.0,29.0,True
Electoral,Presidential,General,KXPRESVISIT,2,0.0,-0.92129,-34.08766,-68.17531,-2.18025,32.4,32.4,True
Electoral,Electoral College,Other,KXECDJT312,8,0.0,-0.92498,-288.34862,-2306.78892,-1.51749,44.1,44.2,True
Electoral,Popular Vote,Winner,POPVOTEDJTIA,6,0.0,-0.93114,-92.76,-556.55998,-1.12216,64.8,64.9,True
Electoral,Popular Vote,Winner,POPVOTEKHNY,1,0.0,-0.93114,-543.78532,-543.78532,,61.6,61.6,True
Electoral,Electoral College,Other,RECSS,171,0.0,-0.932,-236.46986,-40436.34658,-0.56159,106.3,265.5,True
Electoral,Other Elections,Other,KXVOTERID,15,0.0,-0.93967,-19.17435,-287.6152,-0.67438,4.8,6.6,True
Electoral,Electoral College,Other,KXRECOGPALESTINE,2,0.0,-0.94591,-0.94591,-1.89182,-135.88821,37.8,49.6,True
Electoral,Governor,Other,KXWALZGOV,10,0.0,-0.94984,-133.34669,-1333.46686,-0.51679,9.2,10.5,True
Electoral,Popular Vote,Winner,POPVOTEDJTTX,1,0.0,-0.95083,-36.13159,-36.13159,,61.8,61.8,True
Electoral,Electoral College,Other,KXLAFIRECHIEF,337,0.0,-0.95468,-27.3664,-9222.47567,-0.28451,1.7,7.1,True
Electoral,Electoral College,Other,KXTARIFFRATECA,3,0.0,-0.96067,-22.09546,-66.28637,-0.92074,3.4,3.4,True
Electoral,Presidential,General,COLUMBPRESIDENT,4,0.0,-0.96313,-91.01773,-364.07094,-1.16968,96.7,96.7,True
Electoral,Electoral College,State Shift Right,KXSTATESHIFTRIGHT,9,0.0,-0.9716,-80.51067,-724.596,-0.64347,58.9,63.4,True
Electoral,Electoral College,Other,KXADVOCATEBECERRA,4,0.0,-0.97542,-144.43952,-577.75809,-1.13868,0.0,0.0,True
Electoral,Popular Vote,Winner,POPVOTEDJTAL,2,0.0,-0.97543,-13.6363,-27.2726,-2.51569,61.7,61.7,True
Electoral,Electoral College,Other,KXRATECUTE,4,0.0,-0.9828,-291.00549,-1164.02196,-0.94271,0.5,0.5,True
Electoral,Electoral College,Other,KXRECHEALTHCARE,8,0.0,-0.98403,-109.73853,-877.90824,-0.76736,2.4,3.2,True
Electoral,Electoral College,Other,KXELECTIONMOVVA11,1,0.0,-0.99017,-17.82312,-17.82312,,8.8,8.8,True
Electoral,Other Elections,Other,KXVOTEGREER,1,0.0,-0.99017,-9.90173,-9.90173,,1.1,1.1,True
Executive Day-to-Day,Trump Admin,Other,KXPARDONSTRUMP,88,1.0,0.06439,2.17058,191.011,0.44393,77.7,88.6,True
Executive Day-to-Day,Trump Admin,Other,KXTRUMPNOMW,472,1.0,0.06092,2.7722,1308.47914,0.30725,8.9,13.6,True
Executive Day-to-Day,Trump Admin,Other,KXTRUMPNOBEL,72,1.0,0.05984,13.77513,991.80953,0.38233,0.6,0.8,True
Executive Day-to-Day,Trump Admin,Other,KXCOMMENTTRUMP,32,1.0,0.05625,1.83449,58.70355,0.63224,30.9,36.7,True
Executive Day-to-Day,Trump Admin,Other,KXTRUMPCABINETSOUTHPARK,184,1.0,0.05367,1.55638,286.37358,0.72404,2.9,3.8,True
Executive Day-to-Day,Biden Admin,Other,KXBIDENRESIGN,1090,1.0,0.05327,15.30458,16681.99752,0.45737,27.3,48.1,False
Executive Day-to-Day,Trump Admin,Statements,KXTRUMPSAYSCAM,370,1.0,0.05322,3.26515,1208.10575,0.35609,59.8,89.7,True
Executive Day-to-Day,Trump Admin,Other,KXTRUMPTESLA,32,1.0,0.05317,1.01582,32.50618,1.09956,15.4,17.1,True
Executive Day-to-Day,Trump Admin,Joint Session,KXDJTJOINTSESSION,4676,0.99808,0.05207,11.9059,55671.97983,0.09587,0.1,7.4,False
Executive Day-to-Day,Trump Admin,Statements,KXTRUMPSAYMAM,223,1.0,0.05187,2.03576,453.9738,0.51393,7.5,11.9,True
Executive Day-to-Day,Trump Admin,Other,KXTRUMPVISITSTATES,195,1.0,0.0518,4.91199,957.83792,0.31645,6.1,12.9,True
Executive Day-to-Day,Trump Admin,Other,KXTRUMPVISITCA,117,1.0,0.05145,3.48702,407.98107,0.49144,12.6,14.0,True
Executive Day-to-Day,Trump Admin,Other,KXCOMMENTSWIFTRUMP,487,1.0,0.05039,3.08745,1503.58855,0.27925,6.5,24.4,True
Executive Day-to-Day,Trump Admin,Other,KXTRUMPPHONE,65,1.0,0.05039,3.35883,218.32391,0.87891,38.9,58.1,True
Executive Day-to-Day,Trump Admin,Attendance,KXTRUMPATTEND,1987,1.0,0.05007,10.30002,20466.14962,0.39664,1.3,2.3,False
Executive Day-to-Day,Trump Admin,Other,KXTRUMPNOMWPH,90,1.0,0.04896,7.10058,639.05246,0.64089,0.6,0.8,True
Executive Day-to-Day,Trump Admin,Other,KXTRUMPCALL,383,0.99739,0.04872,2.11027,808.23301,0.24281,7.0,12.4,True
Executive Day-to-Day,Trump Admin,Other,KXTRUMPCEA,340,1.0,0.04655,15.7672,5360.84901,0.52106,-0.4,12.7,True
Executive Day-to-Day,Trump Admin,Other,KXVOTEHUBTRUMPUPDOWN,499,0.98998,0.04596,2.43764,1216.38301,0.15129,0.3,2.3,True
Executive Day-to-Day,Trump Admin,Other,KXTRUMPNETFAVINAUG,344,1.0,0.04323,6.87148,2363.79076,0.58756,0.2,0.5,True
Executive Day-to-Day,Trump Admin,Statements,KXTRUMPSAYEP,90,1.0,0.04305,3.39009,305.10794,0.4247,7.9,12.7,True
Executive Day-to-Day,Trump Admin,Other,KXTRUMPVISITISRAEL,53,1.0,0.04175,2.10723,111.68313,0.45553,18.2,28.3,True
Executive Day-to-Day,Trump Admin,Other,KXTRUMPFEMA,61,1.0,0.04031,1.75552,107.08653,0.48939,82.4,118.3,True
Executive Day-to-Day,Trump Admin,Other,KXTRUMPSCOTUS,490,1.0,0.03859,4.95788,2429.3607,0.54163,1.3,2.6,True
Executive Day-to-Day,Trump Admin,Statements,KXTRUMPSAYMONTH,1160,0.99397,0.03754,1.07759,1250.00082,0.16871,1.1,3.8,False
Executive Day-to-Day,Trump Admin,Other,KXTRUMPWESTERNWALL,62,1.0,0.03267,3.61417,224.07832,0.39066,5.7,6.0,True
Executive Day-to-Day,Trump Admin,Other,KXTRUMPZELENSKYY,1032,1.0,0.03176,5.77561,5960.43266,0.20924,0.8,0.9,False
Executive Day-to-Day,Trump Admin,Other,KXTRUMPNOMMAX,630,1.0,0.02672,2.77102,1745.7435,0.43684,245.0,253.1,False
Executive Day-to-Day,Trump Admin,Other,KXSHAKETRUMPNETANYAHU,3,1.0,0.02621,0.12451,0.37352,1.3959,1.4,1.4,True
Executive Day-to-Day,Biden Admin,Other,KXBIDENMENTION,1190,0.99748,0.02615,2.78578,3315.07775,0.47948,0.3,0.5,False
Executive Day-to-Day,Trump Admin,Other,KXTRUMPSS,68,0.98529,0.02362,3.48341,236.87161,0.34028,5.8,33.2,True
Executive Day-to-Day,Biden Admin,Other,BIDENVNEBRASKA,29,1.0,0.02102,4.34573,126.02625,0.46134,3.3,3.3,True
Executive Day-to-Day,Trump Admin,Other,KXTRUMPAPOLOGY,92,1.0,0.01741,4.90912,451.63881,0.56545,2.1,3.2,True
Executive Day-to-Day,Trump Admin,Other,KXTRUMPOSC,14,1.0,0.01334,17.46183,244.46564,1.12622,1.7,2.1,True
Executive Day-to-Day,Trump Admin,Mentions,KXTRUMPMENTION,35845,0.98354,0.01042,2.20345,78982.66521,0.09426,0.4,0.8,False
Executive Day-to-Day,Trump Admin,Statements,KXTRUMPSAY,3566,0.95906,0.00729,-0.03451,-123.05682,-0.00224,0.8,3.7,False
Executive Day-to-Day,Trump Admin,Mentions,KXTRUMPMENTIONB,17923,0.97528,0.00318,1.807,32386.92315,0.05089,0.4,0.6,False
Executive Day-to-Day,Trump Admin,Officials,KXTRUMPOFFICIAL,3044,0.95302,-0.00036,-4.74472,-14442.9282,-0.04073,83.9,166.4,False
Executive Day-to-Day,Trump Admin,Mentions,KXTRUMPMENTIONDURATION,424,0.96462,-0.00354,2.06777,876.7349,0.24227,0.1,1.3,True
Executive Day-to-Day,Trump Admin,Other,KXTRUMPLATE,111,0.96396,-0.00919,2.03745,226.15708,0.31197,0.0,0.0,True
Executive Day-to-Day,Trump Admin,Other,KXTRUMPFAV,48,0.95833,-0.01463,4.31338,207.04206,0.64984,0.2,2.5,True
Executive Day-to-Day,Trump Admin,Putin,KXTRUMPPUTIN,1222,0.93126,-0.02722,-1.43343,-1751.64823,-0.0176,1.9,4.7,False
Executive Day-to-Day,Trump Admin,Meetings,KXTRUMPMEET,468,0.88889,-0.06582,-12.759,-5971.20986,-0.11433,3.7,12.6,True
Executive Day-to-Day,Trump Admin,Other,KXTRUMPCOUNTIRAN,10,0.9,-0.0764,0.48497,4.84968,0.04467,0.1,0.6,True
Executive Day-to-Day,Biden Admin,Other,KXBIDENNEBRASKA,2,0.0,-0.92129,-1.84258,-3.68515,-1.41421,6.3,6.3,True
Executive Day-to-Day,Trump Admin,Meetings,KXTRUMPMEETDLEAD,1,0.0,-0.92129,-7.3703,-7.3703,,2.9,2.9,True
Executive Day-to-Day,Biden Admin,Other,KXPUBLICBIDEN,2,0.0,-0.93606,-9.3606,-18.72119,-44.80848,23.0,23.0,True
Executive Day-to-Day,Trump Admin,Other,KXRONALDOTRUMPHANDSHAKE,17,0.0,-0.93867,-32.45218,-551.68705,-0.61875,0.1,0.1,True
Executive Day-to-Day,Trump Admin,Other,KXTRUMPTRICKORTREAT,1,0.0,-0.96067,-2.88202,-2.88202,,2.0,2.0,True
Government / Shutdown,Government,Shutdown,GOVSHUT,2252,1.0,0.04181,12.52589,28208.31281,0.4149,5.7,42.0,False
Government / Shutdown,Government,Shutdown Length,KXGOVSHUTLENGTH,38260,0.99953,0.04151,16.91376,647120.3503,0.25232,1.8,3.7,False
Government / Shutdown,Government,Shutdown Length,GOVSHUTLENGTH,679,1.0,0.03754,5.10425,3465.78802,0.5774,89.5,152.3,False
Legal / Judicial,NYC Mayor,Adams Trial,ADAMS,1923,1.0,0.05693,5.79931,11152.07613,0.39635,28.6,46.5,False
Legal / Judicial,Other Politics,WI SCOTUS,KXWISCOTUS,692,1.0,0.04379,28.05122,19411.44629,0.37036,0.5,0.5,False
Legal / Judicial,Other Politics,WI Court Margin,KXWICOURTMOV,3545,0.98843,0.02368,4.72088,16735.51222,0.15636,44.6,45.4,False
Legal / Judicial,Trump Admin,Pardons,KXTRUMPPARDON,6954,0.95197,-0.00108,2.11415,14701.77496,0.01758,64.5,117.9,False
Legal / Judicial,Biden Admin,Pardons,KXBIDENPARDON,9685,0.95147,-0.00549,-10.35844,-100321.49773,-0.02283,7.3,33.7,False
Legal / Judicial,Other Politics,Jan 6 Pardon Day 1,KXJAN6PARDONDAY1,27,0.0,-0.92421,-252.98381,-6830.56282,-0.81027,3.6,5.8,True
Local Elections,NYC Mayor,Party,KXMAYORNYCPARTY,25016,1.0,0.05155,73.82966,1846922.71602,0.17825,6.3,120.3,False
Local Elections,NYC Mayor,General,KXDROPOUTMAYORNYCFIRST,49,1.0,0.04215,3.10074,151.93641,0.69659,8.1,12.9,True
Local Elections,NYC Mayor,D Round,KXNYCMAYORDROUND,3910,1.0,0.02968,8.94401,34971.08791,0.29692,27.6,28.1,False
Local Elections,NYC Mayor,Debate Mentions,KXNYCMAYORDEBATEMENTION,2886,0.99584,0.0183,3.89992,11255.1801,0.39722,0.4,0.6,False
Local Elections,NYC Mayor,Nominations,KXMAYORNYCNOMD,5879,0.84963,-0.11397,-14.5478,-85526.52052,-0.05165,34.9,152.8,False
Other Politics,Other Politics,World Leader,KXWLEADERPOPE,171,1.0,0.05424,2.22003,379.62462,0.63052,21.9,33.8,True
Other Politics,Other Politics,EO Count Day 1,KXEOCOUNTDAY1C,119,1.0,0.0462,11.19022,1331.63605,0.68937,0.7,0.8,True
Other Politics,Other Politics,TikTok Ban,TIKTOKBAN,1364,0.99853,0.04467,8.53743,11645.05557,0.51471,147.7,250.2,False
Other Politics,Other Politics,EO Week,KXEOWEEK,72,1.0,0.04398,2.42574,174.65296,0.57298,0.9,2.2,True
Other Politics,Other Politics,Inauguration,KXINAUGSPEAK,147,1.0,0.04175,6.34506,932.7235,0.37375,0.0,6.7,True
Other Politics,Other Politics,Greenland,KXGREENLANDPARTY,18,1.0,0.04152,2.98996,53.81922,0.61977,3.8,18.9,True
Other Politics,Other Politics,Cuomo Dropout,KXCUOMODROPOUT,6191,0.99968,0.04062,17.60733,109006.99213,0.33768,8.6,34.3,False
Other Politics,Other Politics,World Leader,KXWLEADERUKR,314,1.0,0.04053,2.90641,912.61212,0.42996,7.0,9.8,True
Other Politics,Other Politics,Leader Out,KXLEADEROUT,964,1.0,0.037,4.03299,3887.80695,0.49867,39.7,48.5,False
Other Politics,Other Politics,Inauguration,KXINAUGVIEWS,361,1.0,0.03609,15.2909,5520.01312,0.38464,0.0,0.1,True
Other Politics,Other Politics,State Deep DJT,KXSTATEDEEPDJT,6193,1.0,0.03403,18.10883,112147.992,0.38019,61.1,61.6,False
Other Politics,Other Politics,Debates 2024,DEBATES24,3816,0.99974,0.03373,7.77571,29672.09295,0.36871,60.6,123.1,False
Other Politics,Other Politics,Inauguration,KXINAUG,5539,0.99729,0.03347,5.76173,31914.21131,0.18773,4.5,15.4,False
Other Politics,Other Politics,World Leader,KXWLEADER,798,0.98997,0.033,3.8759,3092.96499,0.24789,10.8,19.4,False
Other Politics,Other Politics,Leader Out,KXG7LEADEROUT,57,1.0,0.03295,2.07352,118.19088,0.86013,26.1,57.9,True
Other Politics,Other Politics,Leader Out,KXASIALEADEROUT,13,1.0,0.03177,4.13201,53.71618,0.63424,1.6,22.8,True
Other Politics,Other Politics,EO Count Day 3,KXEOCOUNTDAY3,2407,0.99751,0.03173,6.09656,14674.42865,0.26533,0.7,1.0,False
Other Politics,Other Politics,Speaker,KXSPEAKER,3583,1.0,0.02967,6.3483,22745.96718,0.38204,43.5,86.2,False
Other Politics,Other Politics,Power,POWER,11394,1.0,0.02952,27.32964,311393.9404,0.2338,88.7,105.0,False
Other Politics,Other Politics,Leader Out,KXEULEADEROUT,6,1.0,0.0295,2.69971,16.19824,0.70327,54.6,72.5,True
Other Politics,Other Politics,EO Count Day 1,KXEOCOUNTDAY1,8770,1.0,0.02924,6.64598,58285.24186,0.5156,3.8,20.5,False
Other Politics,Other Politics,Gabbard Count,KXGABBARDCOUNT,5820,0.99485,0.02892,4.80385,27958.39082,0.22385,17.9,30.9,False
Other Politics,Other Politics,Hegseth Count,KXHEGSETHCOUNT,1723,0.98955,0.02813,7.85606,13535.99222,0.30342,3.9,48.3,False
Other Politics,Other Politics,Rubio,KXRUBIO,1988,0.99195,0.02373,6.76072,13440.32014,0.33454,33.5,55.5,False
Other Politics,Other Politics,RFK Count,KXRFKCOUNT,5345,0.98017,0.01777,2.42896,12982.80901,0.10342,15.0,56.9,False
Other Politics,Other Politics,Leader Out,KXLALEADEROUT,33,0.9697,0.0147,3.95948,130.66279,0.24095,53.2,128.2,True
Other Politics,Other Politics,EO Count Day 1,KXEOCOUNTDAY1B,3740,0.97246,0.01412,9.95318,37224.9086,0.09452,0.5,0.8,False
Other Politics,Other Politics,EO Count Day 2,KXEOCOUNTDAY2,3728,0.97398,0.01194,24.65202,91902.71827,0.21616,0.5,1.0,False
Other Politics,Other Politics,Mamdani Mentions,KXMAMDANIMENTION,1967,0.98221,0.00523,2.59878,5111.79467,0.23764,0.3,0.5,False
Other Politics,Other Politics,Rubio,KXRUBIOCOUNT,796,0.83794,-0.10769,-17.25717,-13736.70908,-0.1805,18.3,59.6,False
Other Politics,Other Politics,Patel Count,KXPATELCOUNT,4427,0.78767,-0.17397,-6.4412,-28515.19366,-0.11225,7.7,36.8,False
Other Politics,Other Politics,Power,RTTHERINGSOFPOWER,14,0.0,-0.96066,-461.02259,-6454.3163,-0.69433,2.0,8.1,True
